Primary Key,Title,Review Text,Date,Rating,Source,Reviewer Name
,Great replacement for Apple AirPod Max,,,5,BestBuy Canada,
,I chose Sony over Bose. And I'm glad I did!!,,,5,BestBuy Canada,
,Fantastic Headphones with a serious flaw,,,3,BestBuy Canada,
,Moderate improvement over the XM4,,,4,BestBuy Canada,
,significant upgrade from Aipods MAX,,,5,BestBuy Canada,
,"Great over ear headphones, but not for me",,,5,BestBuy Canada,
,The best noise cancelling headphone I've ever had.,,,5,BestBuy Canada,
,"Great build quality and sound, not a bad first buy",,,4,BestBuy Canada,
,Last only 1 month for me.,,,1,BestBuy Canada,
,Best in-class ANC and more durable hinges,,,5,BestBuy Canada,
,So Good!,,,5,BestBuy Canada,
,Couldn't be happier!,,,5,BestBuy Canada,
,Not good at all,,,1,BestBuy Canada,
,Amazing noise cancellation. And sound.,,,5,BestBuy Canada,
,Great features,,,5,BestBuy Canada,
,Just what I was looking for,,,5,BestBuy Canada,
,The word for me is disappointed.,,,3,BestBuy Canada,
,Good sound but uncomfortable,,,3,BestBuy Canada,
,Sony MX6,,,4,BestBuy Canada,
,Fantastic,,,5,BestBuy Canada,
,Simply incredible headphones!,,,5,BestBuy Canada,
,Just my honest on the spot review.. overall great,,,5,BestBuy Canada,
,"Satisfactory, not outstanding.",,,3,BestBuy Canada,
,Good new headphones,,,5,BestBuy Canada,
,Unwelcome startle,,,2,BestBuy Canada,
,Blown away,,,5,BestBuy Canada,
,All in one,,,5,BestBuy Canada,
,Unable to turn off,,,1,BestBuy Canada,
,An upgrade on the previous model?,,,4,BestBuy Canada,
,A downgrade from the WH1000XM5s,,,4,BestBuy Canada,
,Major improvements!,,,5,BestBuy Canada,
,"Decent sound quality, awful comfort",,,2,BestBuy Canada,
,Is the music live???,,,5,BestBuy Canada,
,Sony noise cancelling headphones latest version,,,3,BestBuy Canada,
,Top-Notch Noise-Canceling Headphones,,,5,BestBuy Canada,
,Don't buy these if you plan to use them for work,,,1,BestBuy Canada,
,Exceptional experience over QC35s.,,,5,BestBuy Canada,
,Smart features disappointing.,,,4,BestBuy Canada,
,"Ease of use , great sound , lightweight.",,,5,BestBuy Canada,
,These headphones are an amazing investment!,,,5,BestBuy Canada,
,Sony for the win with these headphones!,,,5,BestBuy Canada,
,Awesome ANC Headphones,,,5,BestBuy Canada,
,ANC Prioritized Over Sound Quality,,,4,BestBuy Canada,
,Outstanding,,,5,BestBuy Canada,
,Even better than XM5's,,,5,BestBuy Canada,
,Great sound and low weight,,,5,BestBuy Canada,
,Expected better at this price,,,2,BestBuy Canada,
,"Great, but needs better call noise reduction",,,4,BestBuy Canada,
,Headphones,,,5,BestBuy Canada,
,"Good, but is the high price really justifiable.",,,4,BestBuy Canada,
,insane upgrade deffo recommend,,,5,BestBuy Canada,
,Great sound and comfort,,,5,BestBuy Canada,
,Totally Worth It!,,,5,BestBuy Canada,
,Incredible sound!,,,5,BestBuy Canada,
,Amazing sound quality!,,,4,BestBuy Canada,
,"Good battery performance, nicely balanced sound",,,4,BestBuy Canada,
,Effective misophonia relief,,,5,BestBuy Canada,
,"Disappointed, I can still hear most outside noises",,,2,BestBuy Canada,
,Sony Headphones review,,,5,BestBuy Canada,
,Wh1000mx6,,,5,BestBuy Canada,
,Best over the head headphones,,,5,BestBuy Canada,
,Great headphones,,,4,BestBuy Canada,
,Sound great and the noise cancelling is incredible,,,5,BestBuy Canada,
,Just OK,,,1,BestBuy Canada,
,Extremely uncomfortable/ headband snapped.,,,1,BestBuy Canada,
,Not sure it is what I need,,,1,BestBuy Canada,
,Distortion over bluetooth,,,3,BestBuy Canada,
,Superb sound quality & excellent noise cancelling.,,,5,BestBuy Canada,
,Would recommend,,,5,BestBuy Canada,
,"Great product, very happy!",,,5,BestBuy Canada,
,Smooth sounds,,,5,BestBuy Canada,
,Excellent Headphones,,,5,BestBuy Canada,
,Worth the Upgrade!,,,5,BestBuy Canada,
,Great Headphones,,,5,BestBuy Canada,
,Great noice cancellation,,,5,BestBuy Canada,
,Most uncomfortable Headphones I have ever owned,,,1,BestBuy Canada,
,Definetly a Best Buy,,,5,BestBuy Canada,
,Great features and myself how i felt about it,,,4,BestBuy Canada,
,Worth the upgrade from the XM5!,,,5,BestBuy Canada,
,Great head set,,,5,BestBuy Canada,
,Pretty solid,,,4,BestBuy Canada,
,Great upgrade,,,4,BestBuy Canada,
,Amazing sound just bulky,,,5,BestBuy Canada,
,So light weight and the best,,,5,BestBuy Canada,
,Best Headphone Ever,,,5,BestBuy Canada,
,Sony WH1000XM6,,,5,BestBuy Canada,
,Extremely Good - Coming from Xm5,,,5,BestBuy Canada,
,Best headphones yet,,,5,BestBuy Canada,
,Successful Road Trip with Twin Toddlers,,,5,BestBuy Canada,
,Amazing,,,5,BestBuy Canada,
,Few issues,,,2,BestBuy Canada,
,Worth the cost,,,5,BestBuy Canada,
,Excellent ANC and comfortable fit. No pain on head,,,5,BestBuy Canada,
,Worth it!,,,5,BestBuy Canada,
,Headphones..,,,4,BestBuy Canada,
,Worth for Money,,,5,BestBuy Canada,
,Average sound for a high price,,,3,BestBuy Canada,
,Sony WH1000XM6,,,5,BestBuy Canada,
,The best headphones!,,,5,BestBuy Canada,
,Fantastic technology in a poor material execution,,,3,BestBuy Canada,
,Amazing headphones,,,5,BestBuy Canada,
,Best Noise Canceling,,,5,BestBuy Canada,
,Excelent headphones,,,5,BestBuy Canada,
,Left ear high pitch screeching noise upon use.,,,2,BestBuy Canada,
,Great improvement and a worthy update!,,,5,BestBuy Canada,
,Great Noice Cancelation and overall quality,,,5,BestBuy Canada,
,Worth every penny,,,5,BestBuy Canada,
,STUNNING,,,5,BestBuy Canada,
,Great Headphones,,,4,BestBuy Canada,
,Second to none,,,5,BestBuy Canada,
,Not bad sound quality,,,5,BestBuy Canada,
,"Good sound, horrible comfort",,,1,BestBuy Canada,
,worth the upgrade,,,5,BestBuy Canada,
,Fabulous headphones,,,5,BestBuy Canada,
,Lack of bass boost,,,2,BestBuy Canada,
,Great Headphones,,,5,BestBuy Canada,
,Nice sound quality and comfortable to wear,,,5,BestBuy Canada,
,Excelling headphones,,,5,BestBuy Canada,
,Headphones,,,4,BestBuy Canada,
,Horrible connection issues,,,1,BestBuy Canada,
,Magnificent Sound,,,5,BestBuy Canada,
,Worth It,,,5,BestBuy Canada,
,Perfect,,,5,BestBuy Canada,
,Amazing Headphones,,,5,BestBuy Canada,
,"Decent, wouldn‚Äôt buy again.",,,3,BestBuy Canada,
,"Great headphones, upgrade cautiously.",,,4,BestBuy Canada,
,Best Overall Headphones,,,5,BestBuy Canada,
,Better,,,4,BestBuy Canada,
,Best on the market,,,5,BestBuy Canada,
,Good upgrade from xm3,,,5,BestBuy Canada,
,So easy to use advanced features with great sound,,,5,BestBuy Canada,
,"Great, but worth $450? Eh.",,,4,BestBuy Canada,
,Headphone Lover,,,5,BestBuy Canada,
,Great product!,,,4,BestBuy Canada,
,noise cancelling is great like is promoted,,,5,BestBuy Canada,
,Decent ANC headphones too tight on my head,,,3,BestBuy Canada,
,Great noise cancellation,,,5,BestBuy Canada,
,Amazing Quality,,,5,BestBuy Canada,
,Very nice headphones,,,5,BestBuy Canada,
,Great but not that great,,,3,BestBuy Canada,
,Very muted mubled sound,,,3,BestBuy Canada,
,Has help with my social anxiety and distractions,,,5,BestBuy Canada,
,Worth upgraded from 5s,,,5,BestBuy Canada,
,Amazing headphones,,,5,BestBuy Canada,
,Uncomfortable,,,4,BestBuy Canada,
,Very happy!,,,5,BestBuy Canada,
,Sony has the best sound,,,5,BestBuy Canada,
,10/10 product,,,5,BestBuy Canada,
,Best Headphones out right now.,,,5,BestBuy Canada,
,Still the Best Headphones!,,,5,BestBuy Canada,
,Excellent sound,,,5,BestBuy Canada,
,"Don't think about it, just buy them!",,,5,BestBuy Canada,
,the best headphones on the market,,,5,BestBuy Canada,
,Solid headphones,,,5,BestBuy Canada,
,Superb Headphones,,,5,BestBuy Canada,
,best noise canceling,,,5,BestBuy Canada,
,Outstanding,,,5,BestBuy Canada,
,Far from Mid!,,,4,BestBuy Canada,
,Great Headphones!,,,5,BestBuy Canada,
,Great for recording vocals!,,,5,BestBuy Canada,
,Superb!!,,,5,BestBuy Canada,
,BEST IN BUSINESS,,,5,BestBuy Canada,
,Sony headset,,,5,BestBuy Canada,
,Excellent Audio,,,5,BestBuy Canada,
,Amazing headphones,,,5,BestBuy Canada,
,Love them,,,4,BestBuy Canada,
,Battery life,,,5,BestBuy Canada,
,Current State of the Art,,,5,BestBuy Canada,
,Sony XM6,,,5,BestBuy Canada,
,Up to date techno,,,5,BestBuy Canada,
,Excellent,,,5,BestBuy Canada,
,Silence can be achieved,,,5,BestBuy Canada,
,Excellent,,,5,BestBuy Canada,
,Outstanding Noise Canceling with a Few Minor Trade,,,5,BestBuy Canada,
,Noise cancellation is incredible,,,5,BestBuy Canada,
,Sony's masterpiece.,,,5,BestBuy Canada,
,"Wanted to love, ended up returning",,,3,BestBuy Canada,
,Perfect,,,5,BestBuy Canada,
,Awesome!,,,5,BestBuy Canada,
,Great sound but ear cup was too small,,,4,BestBuy Canada,
,So far so good,,,5,BestBuy Canada,
,Brilliant!,,,5,BestBuy Canada,
,Sony xm5,,,5,BestBuy Canada,
,Better than XM4's except for comfort,,,4,BestBuy Canada,
,Would buy again.,,,5,BestBuy Canada,
,Amazing features,,,5,BestBuy Canada,
,Headphone Review,,,4,BestBuy Canada,
,Beast in the ANC Headphones,,,5,BestBuy Canada,
,Best All round Headphones,,,5,BestBuy Canada,
,Great quality,,,5,BestBuy Canada,
,"great battery + sound, some manufacture defects",,,3,BestBuy Canada,
,Amazing,,,5,BestBuy Canada,
,Excellent buy and investment,,,5,BestBuy Canada,
,Excited about the Bose Noise Canceling Headphones!,,,5,BestBuy Canada,
,Simply amazing,,,5,BestBuy Canada,
,Quality Headphones,,,5,BestBuy Canada,
,Great headphones!,,,5,BestBuy Canada,
,Teen Approved,,,5,BestBuy Canada,
,New customer,,,3,BestBuy Canada,
,No good,,,3,BestBuy Canada,
,Sony headphones,,,5,BestBuy Canada,
,Best headphone in the class,,,5,BestBuy Canada,
,Excellent sound!,,,5,BestBuy Canada,
,Great headphones,,,5,BestBuy Canada,
,Amazing headphones,,,5,BestBuy Canada,
,üëç,,,4,BestBuy Canada,
,There Fantastic,,,5,BestBuy Canada,
,Wish they were mpre intuitive,,,3,BestBuy Canada,
,Comfortability for the win,,,5,BestBuy Canada,
,M6 headsets,,,5,BestBuy Canada,
,The only headphones i needed,,,5,BestBuy Canada,
,It sounds amazing especially when you set the eq,,,5,BestBuy Canada,
,Update issues,,,3,BestBuy Canada,
,Sony 1000xm6,,,5,BestBuy Canada,
,Recommend,,,5,BestBuy Canada,
,Amazing!,,,5,BestBuy Canada,
,Sound quality could‚Äôve been better,,,3,BestBuy Canada,
,XM 6. Headphones,,,4,BestBuy Canada,
,Great headphones,,,5,BestBuy Canada,
,Sony did it again,,,5,BestBuy Canada,
,Best headphones I bought,,,5,BestBuy Canada,
,Great Headphones,,,5,BestBuy Canada,
,Mr,,,5,BestBuy Canada,
,Best present ever,,,5,BestBuy Canada,
,Great,,,5,BestBuy Canada,
,Awesome device,,,5,BestBuy Canada,
,a great purchase,,,5,BestBuy Canada,
,Great hesdphones,,,5,BestBuy Canada,
,Headphone,,,5,BestBuy Canada,
,Great quality,,,5,BestBuy Canada,
,Good headphones - con is noise leaking,,,5,BestBuy Canada,
,Absurd,,,1,BestBuy Canada,
,Eddie,,,5,BestBuy Canada,
,Impressive sound,,,5,BestBuy Canada,
,They do what they say,,,5,BestBuy Canada,
,A little overhyped and underwhelming,,,2,BestBuy Canada,
,Great Headphone,,,5,BestBuy Canada,
,Love them!,,,5,BestBuy Canada,
,Love!,,,5,BestBuy Canada,
,Sony Xm6,,,5,BestBuy Canada,
,Best headphones ever,,,5,BestBuy Canada,
,Great headphones,,,5,BestBuy Canada,
,Clean sound,,,5,BestBuy Canada,
,Great choice and best Buy,,,5,BestBuy Canada,
,Sound is gorgeous,,,5,BestBuy Canada,
,Superb headphones üéß,,,4,BestBuy Canada,
,Amazing sound quality!!,,,5,BestBuy Canada,
,Better than my Bise QC ultra's,,,5,BestBuy Canada,
,Great Sound Quality,,,5,BestBuy Canada,
,Amazing!,,,5,BestBuy Canada,
,Great headphones,,,5,BestBuy Canada,
,Great Sound,,,5,BestBuy Canada,
,Performs Well,,,5,BestBuy Canada,
,Best Sony Noise Canceling Headphones,,,5,BestBuy Canada,
,Satisfied!,,,4,BestBuy Canada,
,Easy set up,,,5,BestBuy Canada,
,Very good quality,,,5,BestBuy Canada,
,mic failed on w11 first teams sue,,,3,BestBuy Canada,
,My son loves these!,,,4,BestBuy Canada,
,Best noice cancellation,,,5,BestBuy Canada,
,Good sound quality,,,5,BestBuy Canada,
,Great features,,,5,BestBuy Canada,
,Sony HW-1000 Xm6,,,5,BestBuy Canada,
,Class!,,,5,BestBuy Canada,
,Great product,,,5,BestBuy Canada,
,Allison Zales,,,5,BestBuy Canada,
,Excellent headphones,,,5,BestBuy Canada,
,Good quality,,,5,BestBuy Canada,
,Wonderful product,,,5,BestBuy Canada,
,"Most importantly, the comfort just isn‚Äôt there",,,3,BestBuy Canada,
,Great headphones,,,5,BestBuy Canada,
,Very very good,,,4,BestBuy Canada,
,Best ever,,,5,BestBuy Canada,
,Best headphones,,,5,BestBuy Canada,
,Great product,,,5,BestBuy Canada,
,Sony 1000M6,,,5,BestBuy Canada,
,Great Headphones!,,,5,BestBuy Canada,
,Quality full stop,,,5,BestBuy Canada,
,IMHO XM3 are more to my liking,,,3,BestBuy Canada,
,Sound quality,,,5,BestBuy Canada,
,Best Headphones of 2025.,,,5,BestBuy Canada,
,Amazing!,,,5,BestBuy Canada,
,Best purchase of the year,,,5,BestBuy Canada,
,Sony knocks it outta the Club,,,5,BestBuy Canada,
,If you want the best ‚Ä¶,,,5,BestBuy Canada,
,Forman,,,5,BestBuy Canada,
,silence,,,5,BestBuy Canada,
,Very Satisfied,,,5,BestBuy Canada,
,Amazing product,,,5,BestBuy Canada,
,Excellent choice!,,,5,BestBuy Canada,
,BUY THIS,,,5,BestBuy Canada,
,Love the features,,,5,BestBuy Canada,
,Nice headphone,,,5,BestBuy Canada,
,Very good,,,5,BestBuy Canada,
,Worth every penny,,,5,BestBuy Canada,
,Sony's best,,,5,BestBuy Canada,
,The very best out there for a fraction of the cost,,,5,BestBuy Canada,
,Great but heavy,,,4,BestBuy Canada,
,Sony xm6,,,5,BestBuy Canada,
,Best headphones on earth,,,5,BestBuy Canada,
,Best option,,,5,BestBuy Canada,
,BEST,,,5,BestBuy Canada,
,Headphones,,,5,BestBuy Canada,
,If Carlsberg made headphones..,,,5,BestBuy Canada,
,Sony WH-1000MX6,,,5,BestBuy Canada,
,The best,,,5,BestBuy Canada,
,Review,,,5,BestBuy Canada,
,Sony - WH1000XM6 headphones,,,5,BestBuy Canada,
,Huge improvement over 5000,,,5,BestBuy Canada,
,Incredible,,,5,BestBuy Canada,
,"Excellent headphones, best noise cancelling!",,,5,BestBuy Canada,
,Worth the price,,,5,BestBuy Canada,
,Sony WH-1000XM6,,,5,BestBuy Canada,
,Cancel noises,,,5,BestBuy Canada,
,Sony,,,5,BestBuy Canada,
,Good one,,,5,BestBuy Canada,
,Great Features,,,5,BestBuy Canada,
,great features!,,,5,BestBuy Canada,
,Amazing Sound,,,5,BestBuy Canada,
,six seven,,,5,BestBuy Canada,
,Great Gift,,,5,BestBuy Canada,
,1000-XM6,,,5,BestBuy Canada,
,10/10,,,5,BestBuy Canada,
,Nice,,,5,BestBuy Canada,
,Sound great but uncomfortable,,,4,BestBuy Canada,
,Best!,,,5,BestBuy Canada,
,Overall nice,,,4,BestBuy Canada,
,Best,,,5,BestBuy Canada,
,Top,,,5,BestBuy Canada,
,Excellent travel headphones,,,5,BestBuy Canada,
,Great sound,,,5,BestBuy Canada,
,Great product,,,5,BestBuy Canada,
,Samsung,,,5,BestBuy Canada,
,Superb Sony,,,5,BestBuy Canada,
,Love this product,,,5,BestBuy Canada,
,Mixed Bag,,,4,BestBuy Canada,
,Good headphones,,,5,BestBuy Canada,
,Excellent headpiece,,,4,BestBuy Canada,
,Fantastic,,,5,BestBuy Canada,
,Sound,,,4,BestBuy Canada,
,Best Buy,,,5,BestBuy Canada,
,Best noise canceling headphones,,,5,BestBuy Canada,
,The best of the best,,,5,BestBuy Canada,
,BEST Noise Cancellation Headphones EVER,,,5,BestBuy Canada,
,,,,5,BestBuy Canada,
,,,,5,BestBuy Canada,
,Surprisingly underwhelming,,,2,BestBuy Canada,
,Almost perfect!,,,4,BestBuy Canada,
,WH-1000XM6 Wireless Noise Cancelling Headphones.,,,5,BestBuy Canada,
,Lot of amazing feature you will disable but great.,,,4,BestBuy Canada,
